,duration,followers,start_time,title,viewers,views,end_time
0,6.9,372,2020-05-12 23:01:00,SAW (this game suck?) SAW,8664,21873,2020-05-13 05:55:00
1,4.9,115,2020-05-07 22:41:00,Tiny Toons BUTTON MASHER Tiny Toon Adventures: Wacky Sports ChallengeVegas Stakes,6215,12644,2020-05-08 03:35:00
2,8.1,242,2020-05-06 22:58:00,R3SID3NT 3VIL E Resident Evil 3,6269,19639,2020-05-07 07:04:00
3,6.5,184,2020-05-05 22:56:00,Lightsabre Chores No More Heroes 2: Desperate Struggle,5589,14549,2020-05-06 05:26:00
4,6.4,210,2020-05-04 22:58:00,Are you preparedHUH 2 No More Heroes 2: Desperate Struggle,6100,16876,2020-05-05 05:22:00
5,5.7,124,2020-04-30 23:00:00,Little Marching Band Patapon 2,5433,14293,2020-05-01 04:42:00
6,7.3,189,2020-04-29 22:23:00,Mom said I need to get rid of all my toys today :( Gotcha Force,5114,20807,2020-04-30 05:41:00
7,6.1,198,2020-04-28 23:00:00,Filling my shelf with toys Gotcha Force,5354,19579,2020-04-29 05:06:00
8,5.8,259,2020-04-27 22:56:00,Robot Collectathon! POGFACE Gotcha Force,6417,21184,2020-04-28 04:44:00
9,5.5,298,2020-04-24 22:57:00,Public Domain Movie Night Just Chatting,7905,18080,2020-04-25 04:27:00
10,4.2,197,2020-04-23 23:01:00,Community Content Night Just Chatting,7559,12548,2020-04-24 03:13:00
11,5.3,247,2020-04-22 22:43:00,Crack Cash Flow Drug Dealer Simulator,7045,16688,2020-04-23 04:01:00
12,6.3,288,2020-04-19 22:53:00,Fake Crack Stream Drug Dealer Simulator,8049,19835,2020-04-20 05:11:00
13,7.7,212,2020-04-18 22:30:00,Huge Strong Baby (Also Playing The Hulk Today) The Incredible Hulk: Ultimate Destruction,4922,15636,2020-04-19 06:12:00
14,6.6,188,2020-04-17 23:00:00,Virtual Hulk Hands The Incredible Hulk: Ultimate Destruction,6426,17811,2020-04-18 05:36:00
15,5.0,89,2020-04-10 22:24:00,SlotsAndLanes 2 - Chuck E Cheese Style Casino Inc,5619,11672,2020-04-11 03:24:00
16,6.1,140,2020-04-09 22:57:00,"*Fingers Snappin* Trumpets blaring Jazz, Walkin around in a Suit Casino Inc",6211,14465,2020-04-10 05:03:00
17,6.0,191,2020-04-08 22:54:00,"If Viewtiful Joe appears as Smash DLC, I'll eat a shoe Viewtiful Joe",5795,16652,2020-04-09 04:54:00
18,5.0,185,2020-04-06 21:46:00,Mean Bugs Deadly Creatures,7406,19709,2020-04-07 02:46:00
19,3.7,96,2020-03-30 20:34:00,Shmup Ikaruga,5220,9585,2020-03-31 00:16:00
20,4.7,167,2020-03-29 22:22:00,Enjoying the Interactive Screen Saver for 3 hours Viva PiÃ±ata: Trouble in Paradise,5513,10853,2020-03-30 03:04:00
21,4.5,107,2020-03-28 22:26:00,Alive Stuffed Animals Viva PiÃ±ata: Trouble in Paradise,5133,11338,2020-03-29 02:56:00
22,7.6,246,2020-03-22 22:50:00,"Micro Games 500% Hurry GO GO GO GO Animal Crossing: New HorizonsUniversal Studios Theme Park AdventureWarioWare, Inc.: Mega Party Game$",7459,29089,2020-03-23 06:26:00
23,7.1,737,2020-03-21 22:50:00,Pickin up Apples and Carrots for 5+ hours Animal Crossing: New HorizonsCities: Skylines,7455,17478,2020-03-22 05:56:00
24,7.6,232,2020-03-20 23:08:00,Effieciency Cities: Skylines,6183,17101,2020-03-21 06:44:00
25,7.0,209,2020-03-16 22:31:00,"Chat whats this do, chat whats this do, chat whats this do The Binding of Isaac: Afterbirth",6118,14077,2020-03-17 05:31:00
26,6.8,187,2020-03-15 22:46:00,Screaming orders while I play pinball on the battlefield OdamaPokÃ©mon Channel,6693,32634,2020-03-16 05:34:00
27,4.4,104,2020-03-14 22:41:00,Battling Mr. Potato Heads Cabela's Deer Hunt: 2005 SeasonElebitsMonster Lab,5656,11543,2020-03-15 03:05:00
28,8.2,206,2020-03-13 22:22:00,Gamer Stream Pogress Runs The Binding of Isaac: Afterbirth,6462,16636,2020-03-14 06:34:00
29,4.8,205,2020-03-08 23:36:00,Community Content Night Just Chatting,8062,13565,2020-03-09 04:24:00
30,4.3,177,2020-03-08 00:59:00,Through The Ages Just Chatting,7641,10525,2020-03-08 05:17:00
31,6.5,148,2020-03-06 22:32:00,Finishing My Chores Super Mario SunshineThe BachelorThe Incredible Hulk,5774,12438,2020-03-07 05:02:00
32,6.5,189,2020-03-05 23:25:00,He thinks he's cleaning with cold water and no soap (pepeLaugh) Super Mario Sunshine,5711,12230,2020-03-06 05:55:00
33,7.4,202,2020-03-04 22:50:00,Guy with a mustache cleans your entire neighborhood Super Mario Sunshine,6420,13442,2020-03-05 06:14:00
34,4.1,99,2020-02-28 23:58:00,Viva Pinata until I'm Bored Viva PiÃ±ata,5006,9124,2020-02-29 04:04:00
35,10.6,206,2020-02-27 22:00:00,I'm Helping Chibi-Robo!,4337,16886,2020-02-28 08:36:00
36,7.2,174,2020-02-26 21:52:00,The Ultimate Household Robot Chibi-Robo!,5118,14010,2020-02-27 05:04:00
37,7.2,269,2020-02-25 22:13:00,The Ultimate Household Robot Chibi-Robo!Cooking Mama: Cook Off,5971,16242,2020-02-26 05:25:00
38,9.4,174,2020-02-21 21:28:00,Spreading the Bovine Influence Black & White 2,4237,15087,2020-02-22 06:52:00
39,7.9,187,2020-02-20 22:10:00,Black & White 2,5301,16793,2020-02-21 06:04:00
40,3.2,92,2020-02-20 01:43:00,Mega Man Legends Finale Mega Man Legends,3958,5189,2020-02-20 04:55:00
41,3.2,95,2020-02-19 20:23:00,Mega Man Legends Ends Mega Man Legends,3856,5481,2020-02-19 23:35:00
42,8.7,259,2020-02-16 22:24:00,The Legendary Mega Man Mega Man Legends,4891,16788,2020-02-17 07:06:00
43,9.1,420,2020-02-15 20:27:00,Counting Paperclips ElderbornRain WorldSpeaking SimulatorUniversal Paperclips,6918,23210,2020-02-16 05:33:00
44,5.1,198,2020-02-11 21:57:00,"I don't see what you are pointing at, we aren't in the same room dude. Hidden FolksJust Chatting",5108,20101,2020-02-12 03:03:00
45,3.9,185,2020-02-11 01:51:00,Getting to Grandma's House Bust A GrooveIncredible Crisis,5689,9215,2020-02-11 05:45:00
46,7.6,180,2020-02-09 22:20:00,Return of the please god don't DMCA the stream its just a cut scene The Lord of the Rings: The Return of the King,5837,17646,2020-02-10 05:56:00
47,6.5,149,2020-02-01 21:27:00,Skeleton Crew Vs. Huge Red Guy Diablo II: Lord of Destruction,4849,14798,2020-02-02 03:57:00
48,10.9,350,2020-01-31 21:17:00,THUG Tony Hawk's Underground,6093,25770,2020-02-01 08:11:00
49,10.8,319,2020-01-30 21:19:00,Unraveling the ball of yarn Outer Wilds,7191,30221,2020-01-31 08:07:00
50,8.0,200,2020-01-29 21:55:00,"Searching, yearning, wanting Outer Wilds",5003,23123,2020-01-30 05:55:00
51,8.2,161,2020-01-28 21:00:00,Enjoying Wrath Asura's Wrath,6356,19306,2020-01-29 05:12:00
52,6.9,304,2020-01-26 23:58:00,"It has a Frog in it, so I'm playing it Frog Detective 2: The Case of the Invisible WizardJust ChattingThe Haunted Island, a Frog Detective Game",7321,20268,2020-01-27 06:52:00
53,4.0,195,2020-01-24 00:07:00,Defuse it? Keep Talking and Nobody Explodes,5781,14106,2020-01-24 04:07:00
54,8.1,184,2020-01-22 22:49:00,"Staying Alive. (Hardcore D2, chat picks everything) Diablo II: Lord of Destruction",5812,21679,2020-01-23 06:55:00
55,10.3,413,2020-01-21 22:59:00,Diablo 2 Hardcore (Chat Picks Everything) Diablo II: Lord of Destruction,6626,31977,2020-01-22 09:17:00
56,4.8,133,2020-01-18 21:54:00,Community Content Night Just Chatting,7104,15044,2020-01-19 02:42:00
57,8.1,305,2020-01-17 19:19:00,Keeping The Beat Rhythm Heaven Fever,7155,22570,2020-01-18 03:25:00
58,7.0,217,2020-01-17 00:54:00,Medieval OS Kingsway,6063,29400,2020-01-17 07:54:00
59,13.1,736,2020-01-11 21:59:00,"""I guarantee you won't beat the first part of Fellowship"" The Lord of the Rings: The Fellowship of the RingThe Lord of the Rings: The Two Towers",7271,48524,2020-01-12 11:05:00
60,6.5,194,2020-01-10 22:52:00,0 Hero Katana Zero,4884,14496,2020-01-11 05:22:00
61,7.3,281,2020-01-09 22:15:00,Bow before the Cow Black & White,5431,17544,2020-01-10 05:33:00
62,8.9,478,2020-01-08 22:11:00,Benevolent Black & White,6495,22119,2020-01-09 07:05:00
63,3.0,338,2020-01-06 00:54:00,"Stop talking, your instructions are terrible Jump KingKeep Talking and Nobody Explodes",7720,18501,2020-01-06 03:54:00
64,6.2,289,2020-01-05 00:52:00,Dr. Officer Fireman at your service Flashing LightsJump KingWizorb,6369,17653,2020-01-05 07:04:00
65,5.0,467,2020-01-01 02:42:00,2019 NYE Worst and Best of the Channel Just Chatting,12257,20881,2020-01-01 07:42:00
66,9.1,481,2019-12-30 23:57:00,Are you PreparedHUH!? No More Heroes,7419,22440,2019-12-31 09:03:00
67,6.5,307,2019-12-30 00:04:00,Climbing the Assassin Ladder No More Heroes,6049,15628,2019-12-30 06:34:00
68,6.6,232,2019-12-29 00:07:00,Drew Crew back again Nancy Drew: Sea of DarknessNancy Drew: Secrets Can Kill,4782,13385,2019-12-29 06:43:00
69,6.1,295,2019-12-23 23:56:00,UFO Arcade The Coin Game,7461,19869,2019-12-24 06:02:00
70,5.8,263,2019-12-22 23:59:00,Rolling AI Dungeons Just Chatting,6291,12582,2019-12-23 05:47:00
71,7.7,221,2019-12-21 23:44:00,Drew Crew Nancy Drew: Sea of Darkness,4563,13967,2019-12-22 07:26:00
72,6.3,261,2019-12-17 23:59:00,Keep it together Jump King,7534,15986,2019-12-18 06:17:00
73,8.9,629,2019-12-17 00:02:00,Times Upset Today = 0/10 (Stream Turns off at 10) Jump King,6708,28190,2019-12-17 08:56:00
74,2.9,114,2019-12-16 01:12:00,FTK Experiment Minecraft,6251,9751,2019-12-16 04:06:00
75,4.8,136,2019-12-13 01:29:00,Obnoxious Audience Member Just ChattingSpecial Events,7097,12534,2019-12-13 06:17:00
76,7.2,116,2019-12-12 00:01:00,Affirmative[1000x] Command & Conquer: Red Alert,3827,12119,2019-12-12 07:13:00
77,7.1,170,2019-12-10 21:57:00,TuesDOS Games + Demos,4709,15776,2019-12-11 05:03:00
78,5.0,46,2019-12-06 22:52:00,Three Tools Tools Up!Unrailed!,3533,8849,2019-12-07 03:52:00
79,8.5,112,2019-12-05 22:22:00,Non-Canon Week Continues Nancy Drew: Midnight in Salem,4074,15912,2019-12-06 06:52:00
80,6.2,281,2019-12-05 00:24:00,Reach with Training Weights AMID EVILHalo: Reach,5634,17881,2019-12-05 06:36:00
81,6.9,146,2019-12-03 23:01:00,Chilling out with My Hands AMID EVILHand SimulatorViscera Cleanup Detail,4399,15235,2019-12-04 05:55:00
82,6.2,90,2019-11-29 00:00:00,The Three Dentists The Outer Worlds,2897,12072,2019-11-29 06:12:00
83,7.6,102,2019-11-27 22:06:00,Perceptive Low IQ Lying Doctor The Outer Worlds,3273,13075,2019-11-28 05:42:00
84,4.7,83,2019-11-26 21:50:00,"High Verbal IQ, Low Performance IQ The Outer Worlds",3663,9050,2019-11-27 02:32:00
85,6.7,104,2019-11-23 21:23:00,Doin the resta Dusk Dusk,4441,12540,2019-11-24 04:05:00
86,6.7,152,2019-11-22 22:04:00,Up in the Nest DuskSniper Ghost Warrior Contracts,4984,13573,2019-11-23 04:46:00
87,8.4,152,2019-11-21 21:49:00,Giant Land Salad Farmer's Dynasty,4782,17679,2019-11-22 06:13:00
88,6.0,89,2019-11-18 21:57:00,Isaac Prequel The Legend of Bum-bo,3931,10932,2019-11-19 03:57:00
89,7.2,213,2019-11-17 21:53:00,Ball Rolling DLC Beautiful KatamariJust Chatting,5407,16535,2019-11-18 05:05:00
90,8.3,124,2019-11-16 21:58:00,I got plenty of time Beautiful KatamariDead Rising 2: Off the Record,4796,13487,2019-11-17 06:16:00
91,8.4,206,2019-11-12 21:57:00,Time Management Skills Dead Rising 2: Off the Record,5178,15971,2019-11-13 06:21:00
92,7.3,172,2019-11-11 22:15:00,Don't be late (click) Dead Rising 2: Off the Record,4687,13467,2019-11-12 05:33:00
93,6.2,227,2019-11-10 22:11:00,Community Content Night Just Chatting,6937,15263,2019-11-11 04:23:00
94,8.2,176,2019-11-07 21:45:00,Yeaaaaaahhhhhh Dead Rising,4981,11773,2019-11-08 05:57:00
95,7.3,245,2019-11-06 20:55:00,Zombie Photographie Dead Rising,4986,14215,2019-11-07 04:13:00
96,8.1,446,2019-11-05 21:41:00,Bring the Whole Family Planet Zoo,5266,21086,2019-11-06 05:47:00
97,3.6,261,2019-10-31 23:10:00,Halloween Secret Slime Stream Just Chatting,8435,11480,2019-11-01 02:46:00
98,5.6,101,2019-10-27 19:37:00,The Three Triners and Jackboxers Just ChattingThe Jackbox Party Pack 6Trine 4,4991,11079,2019-10-28 01:13:00
99,5.7,108,2019-10-26 20:33:00,One Hit Weapon Master Bushido BladeBushido Blade 2SirenUm Jammer Lammy,4054,11714,2019-10-27 02:15:00
100,8.6,283,2019-10-25 20:58:00,Pa-Rapping PaRappa the RapperPaRappa the Rapper 2The Thing,4638,16221,2019-10-26 05:34:00
101,9.6,374,2019-10-21 20:50:00,Everyone is a Suspect The Thing,5230,19558,2019-10-22 06:26:00
102,3.4,29,2019-10-20 21:01:00,The Three Triners 4 Trine 4,4019,7064,2019-10-21 00:25:00
103,6.0,202,2019-10-19 21:27:00,The Original Guitaroo Man Gitaroo ManShadow of RomeUm Jammer Lammy,4966,12801,2019-10-20 03:27:00
104,7.5,177,2019-10-17 21:02:00,Finishing FEAR F.E.A.R.: First Encounter Assault Recon,4054,12264,2019-10-18 04:32:00
105,6.0,131,2019-10-16 20:27:00,Being Afraid F.E.A.R.: First Encounter Assault Recon,4950,11719,2019-10-17 02:27:00
106,11.6,292,2019-10-11 21:00:00,Darkwood(3) - Stop Sending Shortcuts to Desktop Darkwood,4132,18128,2019-10-12 08:36:00
107,6.5,275,2019-10-10 20:44:00,Jump Scare Mansion Spookys Jump Scare Mansion HD Renovation,7311,16398,2019-10-11 03:14:00
108,7.7,170,2019-10-09 20:42:00,Darkwood(1) - Copy of Darkwood Darkwood,4123,13984,2019-10-10 04:24:00
109,6.6,188,2019-10-08 20:59:00,Darkwood Darkwood,4656,13139,2019-10-09 03:35:00
110,4.4,97,2019-10-04 20:50:00,Community Content Night Just Chatting,5484,8809,2019-10-05 01:14:00
111,7.2,200,2019-10-03 20:10:00,Numbers. Go. Up. Games + DemosJust Chatting,4800,13195,2019-10-04 03:22:00
112,6.7,262,2019-10-02 20:04:00,Always carry a few apples Hitman 2,5184,12565,2019-10-03 02:46:00
113,3.3,248,2019-09-26 20:59:00,Little bit a DLC Hitman 2Just Chatting,4740,9694,2019-09-27 00:17:00
114,7.8,913,2019-09-25 20:26:00,Barking at people Just ChattingUntitled Goose Game,6184,24417,2019-09-26 04:14:00
115,4.9,3992,2019-09-21 15:50:00,Join in on the Twitch Controlled Robot Carnival! September 21st at 12pm Eastern. Just Chatting,16304,129993,2019-09-21 20:44:00
116,7.0,148,2019-09-16 23:01:00,Community Activity Book Just Chatting,4487,12678,2019-09-17 06:01:00
117,4.2,91,2019-09-15 23:02:00,"Softly gliding around Cook, Serve, Delicious!Cook, Serve, Delicious! 2!!skribbl.io",4584,9176,2019-09-16 03:14:00
118,6.7,121,2019-09-14 22:13:00,FMV Midnight Snacks Drug WarsFox Hunt,3940,10609,2019-09-15 04:55:00
119,6.7,102,2019-09-13 22:23:00,True FMV Desserts Steven Spielberg's Director's Chair,3823,10475,2019-09-14 05:05:00
120,5.1,128,2019-09-11 22:50:00,Scrumptious FMVs Games + DemosRipper,4556,10854,2019-09-12 03:56:00
121,3.8,96,2019-09-10 23:09:00,Small Locker of Animated FMV Games Don Bluth Presents Dragon's Lair 20th Anniversary Special EditionDragon's LairKingdom: The Far Reaches,4842,8150,2019-09-11 02:57:00
122,7.2,229,2019-09-07 22:20:00,The Last Terraria Family FeudTerraria,4289,14476,2019-09-08 05:32:00
123,7.2,166,2019-09-06 23:24:00,"Who stays, who goes? The Dark Pictures Anthology: Man of Medan",4168,16955,2019-09-07 06:36:00
124,7.7,181,2019-09-05 22:34:00,Mario RPG Finale Super Mario RPG: Legend of the Seven Stars,3576,13239,2019-09-06 06:16:00
125,7.3,138,2019-09-02 22:47:00,At least 5 Distinct Voices Super Mario RPG: Legend of the Seven Stars,3704,11771,2019-09-03 06:05:00
126,7.4,190,2019-09-01 22:42:00,(Lip Smack) Ahhhh Super Mario RPG: Legend of the Seven Stars,4073,12369,2019-09-02 06:06:00
127,5.3,131,2019-08-31 22:28:00,The Horror of Kinect Games + DemosHauntRise of Nightmares,4192,11061,2019-09-01 03:46:00
128,8.8,526,2019-08-27 22:18:00,Secrets of The Missing Link Ancestors: The Humankind OdysseyJust Chatting,5571,23901,2019-08-28 07:06:00
129,6.3,175,2019-08-25 19:36:00,My Kinect Home Museum Games + Demos,5152,14579,2019-08-26 01:54:00
130,6.7,234,2019-08-24 22:02:00,Kinect Dumpster Dive Games + Demos,5378,14270,2019-08-25 04:44:00
131,6.9,193,2019-08-21 22:42:00,Max Action Maximum ActionRollerCoaster Tycoon 2,4064,12916,2019-08-22 05:36:00
132,5.8,143,2019-08-20 22:36:00,Yaauuup Fishing Planet,4160,13856,2019-08-21 04:24:00
133,8.3,196,2019-08-19 20:34:00,You're in The Movies Games + Demos,5471,17988,2019-08-20 04:52:00
134,11.2,154,2019-08-16 20:00:00,"Sometimes to deal with the perception of life and death, one has to decide if making your game title this long was a good idea. Games + DemosMetal Wolf Chaos XD",3761,17309,2019-08-17 07:12:00
135,8.6,164,2019-08-11 22:57:00,Chunky Day 2 Games + DemosStuntman: Ignition,4384,13907,2019-08-12 07:33:00
136,8.2,218,2019-08-10 22:31:00,Chunky Soup Stream (Terraria and DOS) Games + DemosTerraria,3313,15720,2019-08-11 06:43:00
137,6.5,110,2019-08-08 22:54:00,They have a mind of their own. Majesty,3546,12268,2019-08-09 05:24:00
138,6.5,170,2019-08-03 23:11:00,Getting pushed on a tricycle Terraria,3479,14100,2019-08-04 05:41:00
139,7.8,220,2019-08-02 22:49:00,FriDOS Games + Demos,4223,13949,2019-08-03 06:37:00
140,8.9,397,2019-08-01 22:58:00,Only Easy Mario Maker 2 Viewer Levels ( LUL he doesn't know! LUL Give him a hard one ! PepeFace) Super Mario Maker 2,4645,17656,2019-08-02 07:52:00
141,5.9,159,2019-07-27 19:42:00,Diggin to Hell Terraria,3806,14399,2019-07-28 01:36:00
142,6.3,143,2019-07-26 22:45:00,Diggin' through DOS Games + Demos,3789,10924,2019-07-27 05:03:00
143,6.2,140,2019-07-26 00:55:00,Comb Stream Just Chatting,4445,11748,2019-07-26 07:07:00
144,0.4,3,2019-07-25 23:00:00,Comb Stream Just Chatting,2724,0,2019-07-25 23:24:00
145,7.8,83,2019-07-24 22:49:00,"Rogue-like in the Streets, Casual Game in the Sheets Streets of Rogue",3805,13601,2019-07-25 06:37:00
146,7.6,352,2019-07-17 23:56:00,Bucket Bros. Just ChattingViscera Cleanup Detail,4767,24124,2019-07-18 07:32:00
147,7.5,191,2019-07-16 22:57:00,Starting the final season of Crime Animals Just ChattingSam & Max Episode 301: The Penal Zone,3533,12196,2019-07-17 06:27:00
148,4.2,128,2019-07-15 17:51:00,Watching my old YouTube VHS Tapes Just Chatting,6173,12211,2019-07-15 22:03:00
149,9.7,265,2019-07-11 22:35:00,I only need to save up $4000 worth of tickets to get the PS4 The Coin Game,5835,26200,2019-07-12 08:17:00
150,10.4,252,2019-07-07 22:27:00,Debt Diving Recettear: An Item Shop's Tale,4351,15258,2019-07-08 08:51:00
151,7.3,212,2019-07-06 22:08:00,"Buy High, Sell Low Recettear: An Item Shop's Tale",4284,14732,2019-07-07 05:26:00
152,6.9,226,2019-07-03 22:21:00,Randomizer until I Puke Dark Souls,5148,13836,2019-07-04 05:15:00
153,8.9,850,2019-07-02 21:58:00,Mario Maker 2nite Food & DrinkSuper Mario Maker 2,4578,19200,2019-07-03 06:52:00
154,4.5,237,2019-06-29 22:14:00,Mario Maker + Green Screen Encore Night Just ChattingSuper Mario Maker 2,6816,12187,2019-06-30 02:44:00
155,7.5,169,2019-06-28 22:24:00,It's a Me Super Mario Maker 2,3497,12711,2019-06-29 05:54:00
156,7.2,74,2019-06-27 22:02:00,"Exploring the Entire Universe Cook, Serve, Delicious!Space Engine",3556,13191,2019-06-28 05:14:00
157,5.5,110,2019-06-19 21:22:00,Movie Magic The Movies,4474,11596,2019-06-20 02:52:00
158,4.6,107,2019-06-18 18:47:00,Dwarf Mining Company Deep Rock Galactic,3518,13423,2019-06-18 23:23:00
159,8.8,252,2019-06-16 22:57:00,Returning to The Director's Seat The Movies,5417,19784,2019-06-17 07:45:00
160,7.0,142,2019-06-15 22:47:00,UNLOCK Adventure Decks Just Chatting,3583,15558,2019-06-16 05:47:00
161,2.0,47,2019-06-11 15:55:00,E3 Over Reactor Day 3 Special Events,4103,5897,2019-06-11 17:55:00
162,7.2,669,2019-06-10 19:51:00,E3 Over Reactor Day 2 Games + DemosSpecial Events,8484,30331,2019-06-11 03:03:00
163,6.6,399,2019-06-09 19:46:00,E3 Over Reactor Cooking SimulatorSpecial Events,7765,27426,2019-06-10 02:22:00
164,8.9,383,2019-06-06 22:50:00,Cooking up some delectable delights Cooking Simulator,5087,17951,2019-06-07 07:44:00
165,6.8,158,2019-06-05 21:55:00,"Please donâ€™t make fun of me, I usually play this game in bed. Hearthstone",3658,13740,2019-06-06 04:43:00
166,5.8,91,2019-06-04 22:38:00,"Layin low, Post Colonoscopy chill session Heroes of Might and Magic III: The Restoration of ErathiaSam & Max Episode 205: What's New, Beelzebub?",3479,12780,2019-06-05 04:26:00
167,8.5,234,2019-05-30 22:44:00,Conquering Every Kingdom Heroes of Might and Magic III: The Restoration of Erathia,4066,15064,2019-05-31 07:14:00
168,8.9,144,2019-05-29 22:32:00,"The Classic, The CLASSIC Heroes of Might and Magic III: The Restoration of Erathia",3937,13773,2019-05-30 07:26:00
169,6.8,99,2019-05-28 23:17:00,Sam an Max Sneezin 2 Sam & Max Episode 203: Night of the Raving DeadSam & Max Episode 204: Chariots of the Dogs,3326,9807,2019-05-29 06:05:00
170,5.9,110,2019-05-25 22:59:00,DOS and DOS NOTS Games + Demos,4146,12255,2019-05-26 04:53:00
171,9.8,176,2019-05-24 22:16:00,Scapin' and Scrapin' House Flipper,3726,14599,2019-05-25 08:04:00
172,5.9,91,2019-05-23 22:22:00,Internet Hermit Moves Large Boulder and gets Sun in Eyes House Flipper,4419,10742,2019-05-24 04:16:00
173,5.3,129,2019-05-19 21:08:00,Blue Suit and Naked Other Animal S2-E3 Just ChattingSam & Max Episode 203: Night of the Raving Dead,4964,13412,2019-05-20 02:26:00
174,7.1,137,2019-05-18 22:38:00,MS-DOS Grab Bag Alter EgoGames + Demos,4242,12037,2019-05-19 05:44:00
175,4.7,120,2019-05-15 20:25:00,Computers def replace Humans in like 2040 Just ChattingThe Jackbox Party Pack 3,4292,10311,2019-05-16 01:07:00
176,7.5,163,2019-05-14 20:33:00,A Whole Day Gone (Not gettin this one back) Days GoneYahtzee,3843,14354,2019-05-15 04:03:00
177,7.5,175,2019-05-11 21:35:00,MS-DOS Archive Adventure Games + Demos,4525,13049,2019-05-12 05:05:00
178,6.4,85,2019-05-10 23:00:00,You crack me up little buddy 2 Sam & Max Episode 201: Ice Station SantaSam & Max Episode 202: Moai Better Blues,3060,9884,2019-05-11 05:24:00
179,3.7,42,2019-05-09 18:12:00,Day Dreaming Dreams,3004,6434,2019-05-09 21:54:00
180,7.1,113,2019-05-08 22:58:00,Fumbling around in Dreams Dreams,2864,11973,2019-05-09 06:04:00
181,6.4,205,2019-05-05 22:59:00,Finishing up Season 1 MordhauSam & Max Episode 6: Bright Side of the Moon,3753,14663,2019-05-06 05:23:00
182,8.0,148,2019-05-04 23:04:00,Cardboard VR Just ChattingNintendo Labo Toy-Con 04: VR Kit,4138,14579,2019-05-05 07:04:00
183,8.4,95,2019-05-01 22:58:00,"Sam and my good friend Max S1 Sam & Max Episode 3: The Mole, the Mob, and the MeatballSam & Max Episode 4: Abe Lincoln Must Die!Sam & Max Episode 5: Reality 2.0",3500,11934,2019-05-02 07:22:00
184,6.3,206,2019-04-30 22:59:00,Lardlord Mordhau,4138,17953,2019-05-01 05:17:00
185,6.8,96,2019-04-29 22:59:00,Sleeping Stream Dreams,4590,14332,2019-04-30 05:47:00
186,7.2,147,2019-04-20 01:50:00,"Just chillin with this Dog and Hare Sam & Max Episode 1: Culture ShockSam & Max Episode 2: Situation: ComedySam & Max Episode 3: The Mole, the Mob, and the Meatball",3151,8514,2019-04-20 09:02:00
187,6.2,128,2019-04-18 23:01:00,This look likes Borderlands Call of Juarez: Gunslinger,3165,10322,2019-04-19 05:13:00
188,7.0,438,2019-04-18 01:17:00,Modded BO3 Zombies Hell Call of Duty: Black Ops III,4946,17902,2019-04-18 08:17:00
189,6.0,198,2019-04-16 21:16:00,VRChat Safari VRChat,3581,15223,2019-04-17 03:16:00
190,4.8,136,2019-04-13 22:39:00,The Tinkerer Blade & SorceryDisassembly VR,4393,11337,2019-04-14 03:27:00
191,5.4,113,2019-04-12 23:18:00,Taking things apart in VR Games + Demos,3929,11336,2019-04-13 04:42:00
192,7.9,161,2019-04-10 23:31:00,Improv Acting Workshop 103 (Deposits are due - $500) DreadhallsElven AssassinJust ChattingMindshowVTOL VR,4278,15680,2019-04-11 07:25:00
193,6.3,141,2019-04-06 22:48:00,Mr Mosquito's Blood Quench Games + DemosGeoGuessrMister Mosquito,5073,14732,2019-04-07 05:06:00
194,7.2,162,2019-04-05 23:14:00,Cloudy with a Risk of Rain 2 Risk of Rain 2,3220,15555,2019-04-06 06:26:00
195,8.1,185,2019-04-04 22:40:00,The 5 Horses of the Apocalypse Monster Rancher 4,4960,15664,2019-04-05 06:46:00
196,7.9,117,2019-04-02 22:42:00,Splicing DNA on the Ranch Monster Rancher 4,3322,12091,2019-04-03 06:36:00
197,8.1,311,2019-03-31 22:59:00,Creating Life Monster Rancher 4,4809,18494,2019-04-01 07:05:00
198,7.7,130,2019-03-28 23:00:00,Shadows hopefully finish this game tonight and not get stuck for 4 hours on one boss Twice PictopixSekiro: Shadows Die Twice,2764,12900,2019-03-29 06:42:00
199,8.4,193,2019-03-27 22:29:00,Shinobi Groundhog Day Sekiro: Shadows Die Twice,2740,13148,2019-03-28 06:53:00
200,7.7,156,2019-03-26 22:21:00,"I like to pretend that I'm cold medicine in this game, fighting germs in someones body :) Sekiro: Shadows Die Twice",2901,10457,2019-03-27 06:03:00
201,8.0,123,2019-03-23 20:57:00,"Cough Cough, Slash Slash Sekiro: Shadows Die Twice",3646,13399,2019-03-24 04:57:00
202,9.2,81,2019-03-22 20:14:00,Christmas Morning Sekiro Sekiro: Shadows Die Twice,2766,15969,2019-03-23 05:26:00
203,4.7,80,2019-03-21 22:32:00,"Judge, Jury, and Executioner (I'm just the Judge though) We. The Revolution",3609,9914,2019-03-22 03:14:00
204,5.2,157,2019-03-16 23:00:00,My Own Reality Games + Demos,4898,13582,2019-03-17 04:12:00
205,7.9,91,2019-03-15 22:28:00,Back to the Chu-ture Games + DemosPictopixSpace Channel 5,3161,14030,2019-03-16 06:22:00
206,9.7,142,2019-03-14 22:33:00,Only 2000's Kids Remember Scouring the Fake 90's Internet Hypnospace Outlaw,4256,15678,2019-03-15 08:15:00
207,11.2,402,2019-03-10 22:50:00,Speaking with Fish Seaman,6088,22666,2019-03-11 10:02:00
208,9.0,340,2019-03-07 23:35:00,Night of Mod Hell The Sims 4,5807,18432,2019-03-08 08:35:00
209,7.5,174,2019-03-06 23:14:00,"Ultimate Relaxation, get tucked into bed Stream Pictopix",4402,17076,2019-03-07 06:44:00
210,4.9,151,2019-03-04 00:18:00,Co-op VR EntrÃ©es GORNGames + DemosPavlov VR,5118,14294,2019-03-04 05:12:00
211,5.2,90,2019-03-02 23:53:00,Co-op VR Hors d'oeuvres Desert BusDrunkn Bar FightEleven: Table Tennis VRRec RoomSURV1V3,4625,13596,2019-03-03 05:05:00
212,5.3,78,2019-02-28 23:59:00,V R Say it again V. R. Creed: Rise to GloryDreadhallsDuck SeasonIsland 359,4523,13188,2019-03-01 05:17:00
213,6.7,202,2019-02-24 23:50:00,"I forget sometimes, there are almost 4000 of these. Retro",4772,20551,2019-02-25 06:32:00
214,9.1,186,2019-02-23 23:49:00,Living in the Clock Tower Clock Tower 3,3883,15364,2019-02-24 08:55:00
215,8.3,206,2019-02-22 23:59:00,PS2 Pile Retro,5231,18764,2019-02-23 08:17:00
216,8.4,101,2019-02-20 23:51:00,"Back In the Headset GORNHot Dogs, Horseshoes & Hand GrenadesJet Island",4243,15842,2019-02-21 08:15:00
217,5.6,170,2019-02-17 23:59:00,VR Coal Miner Beat SaberGames + DemosSuperhot VR,4834,16801,2019-02-18 05:35:00
218,5.0,104,2019-02-17 00:31:00,The Virtual World !shirts Beat SaberBlade & SorceryBudget Cuts,4278,13860,2019-02-17 05:31:00
219,8.3,167,2019-02-15 23:57:00,Safari Photographer !shirts Afrika,3489,18171,2019-02-16 08:15:00
220,1.6,17,2019-02-12 22:27:00,Hovering over the Petri Dish !shirts Genetic Species,3285,2587,2019-02-13 00:03:00
221,6.3,199,2019-02-10 21:56:00,I Spy with my little eye !shirts ArtI Spy Spooky Mansion DeluxeJust Chatting,5196,17945,2019-02-11 04:14:00
222,8.7,167,2019-02-10 00:04:00,"By Mount and Blade, We'll stare the course i dontknow warband tonight !shirts !shirts Mount & Blade: Warband",4003,15195,2019-02-10 08:46:00
223,7.8,90,2019-02-06 23:04:00,More Broken Bones !shirts Blitz: The League II,3929,13120,2019-02-07 06:52:00
224,6.8,138,2019-02-04 00:28:00,Blitz Superbowl Party !shirts Blitz: The League II,4872,16114,2019-02-04 07:16:00
225,6.4,136,2019-02-02 23:30:00,"Left Shoot, Right Shoot, Hey Hey Shoot !shirts Crazy TaxiJust ChattingSpace Channel 5: Part 2Stupid Invaders",3559,13837,2019-02-03 05:54:00
226,8.6,151,2019-02-01 23:11:00,Finishing the Dreamcast Dream. !shirts Dreamcast Collection,3804,16398,2019-02-02 07:47:00
227,8.0,319,2019-01-30 00:04:00,RE2 P2 Resident Evil 2,4042,15271,2019-01-30 08:04:00
228,4.8,151,2019-01-28 23:07:00,RE2make Resident Evil 2,3887,10503,2019-01-29 03:55:00
229,5.8,124,2019-01-26 23:26:00,Skatin around with the Dreamcast Dreamcast CollectionTony Hawk's Pro Skater 2,3742,13117,2019-01-27 05:14:00
230,8.1,97,2019-01-25 23:16:00,"Dreamcast, Remember that thing? Dreamcast Collection",3753,15827,2019-01-26 07:22:00
231,6.7,422,2019-01-24 00:20:00,Final Destinationing My Room Just ChattingLifeline,6894,19713,2019-01-24 07:02:00
232,12.0,565,2019-01-22 23:24:00,Talking on the Landline for Lifeline Lifeline,4926,24917,2019-01-23 11:24:00
233,9.1,395,2019-01-19 23:49:00,First Person Dark Souls 3 Dark Souls III,5096,21244,2019-01-20 08:55:00
234,8.4,129,2019-01-18 23:51:00,Big Dragon Quest Dragon's Dogma: Dark Arisen,3960,15312,2019-01-19 08:15:00
235,7.2,109,2019-01-16 23:10:00,Cecond Celeste Ctream Celeste,3150,13026,2019-01-17 06:22:00
236,6.9,165,2019-01-16 00:18:00,Creleste Toothpaste Celeste,3698,15553,2019-01-16 07:12:00
237,8.9,214,2019-01-11 23:47:00,"Only 382,000 Games Remain 700,000 Games",4753,20972,2019-01-12 08:41:00
238,8.4,321,2019-01-10 23:58:00,"700,000 Games: The Sequel 700,000 Games",6162,26925,2019-01-11 08:22:00
239,7.8,230,2019-01-08 23:37:00,Sittin Round Just ChattingKenshi,4704,19268,2019-01-09 07:25:00
240,11.8,832,2019-01-06 23:26:00,Doh The Simpsons: Hit & Run,5359,28446,2019-01-07 11:14:00
241,8.1,161,2019-01-05 23:16:00,Spotless - Guaranteed Viscera Cleanup Detail,4718,17543,2019-01-06 07:22:00
242,9.8,214,2019-01-02 22:59:00,Metal Gear: Sword Arcade Metal Gear Rising: Revengeance,4027,18860,2019-01-03 08:47:00
243,2.5,224,2019-01-01 03:07:00,2018 Stream Awards Show NYE Party Special Events,7261,8765,2019-01-01 05:37:00
244,6.0,138,2018-12-28 23:25:00,Wandering Frogs + NYE Award Show Plan Kenshi,3782,13444,2018-12-29 05:25:00
245,8.8,436,2018-12-27 21:54:00,Just Trying to Survive Kenshi,5163,28360,2018-12-28 06:42:00
246,3.0,193,2018-12-25 01:24:00,Christmas Eve Party Just Chatting,5883,10570,2018-12-25 04:24:00
247,5.3,176,2018-12-20 23:06:00,FPS Janitor Viscera Cleanup Detail,4383,11578,2018-12-21 04:24:00
248,7.2,149,2018-12-19 19:55:00,"I broke the phone, no outgoing calls Hotline Miami 2: Wrong Number",3137,13222,2018-12-20 03:07:00
249,7.5,172,2018-12-17 00:37:00,1-800-HOTLINE-MIAMI2 (Toll Free) Hotline Miami 2: Wrong Number,3953,12011,2018-12-17 08:07:00
250,5.1,234,2018-12-16 00:46:00,Building a Birdhouse ArtJust Chatting,4603,13178,2018-12-16 05:52:00
251,7.7,186,2018-12-13 00:04:00,Defending Earth from The Big Bugs as a Stalwart Warrior Earth Defense Forces 5,3563,14225,2018-12-13 07:46:00
252,6.2,185,2018-12-12 00:04:00,1-900-HOTLINE-MIAMI Hotline Miami,4187,12296,2018-12-12 06:16:00
253,7.2,178,2018-12-11 00:04:00,"Naaahhh, nah nah nah nahh nah nah - Reroll Katamari Damacy",4257,11943,2018-12-11 07:16:00
254,8.2,649,2018-12-09 00:21:00,Choose your own Nickelodeon Flash Game Bloons TD 5Flash,5178,21079,2018-12-09 08:33:00
255,4.0,407,2018-12-07 01:27:00,Game Awards Super Bingo The Game Awards,6793,14997,2018-12-07 05:27:00
256,6.3,250,2018-12-06 00:06:00,Just 4 Fun Just Cause 4,4319,14034,2018-12-06 06:24:00
257,6.4,1263,2018-12-02 23:58:00,The Green Screen Movie Night Just Chatting,11406,28554,2018-12-03 06:22:00
258,1.9,148,2018-12-01 23:13:00,Red Dead 2 On The Internet Red Dead Redemption 2,2893,5187,2018-12-02 01:07:00
259,5.5,128,2018-11-30 23:15:00,Jackpox Porta Party Park 5 The Jackbox Party Pack 5,4242,11058,2018-12-01 04:45:00
260,6.7,316,2018-11-28 23:11:00,The Lawless Land of RDR2 Online Red Dead Redemption 2,4023,17366,2018-11-29 05:53:00
261,6.6,213,2018-11-27 23:57:00,"Zoo Tycoon 2 (Ultimate Edition, so I am allowed to play today) Red Dead Redemption 2Zoo Tycoon 2",3783,14696,2018-11-28 06:33:00
262,4.5,646,2018-11-26 00:36:00,Jermania 2018 WWE 2K19,9057,21406,2018-11-26 05:06:00
263,6.6,184,2018-11-21 23:00:00,Full Motion Quiet Man Hitman 2The Quiet Man,3153,13568,2018-11-22 05:36:00
264,6.5,268,2018-11-19 00:03:00,Deltarune is the Undertale sequel I think Deltarune,3938,13019,2018-11-19 06:33:00
265,4.2,298,2018-11-16 23:14:00,The Green Screen Stream Special Events,4674,12656,2018-11-17 03:26:00
266,5.0,111,2018-11-15 23:31:00,Hit Man 2 Too Hitman 2,3323,8635,2018-11-16 04:31:00
267,6.6,168,2018-11-14 22:59:00,Hit Man Too Hitman 2,3565,10849,2018-11-15 05:35:00
268,6.9,242,2018-11-13 23:20:00,Perfect Criminal Record Thief Simulator,4140,14898,2018-11-14 06:14:00
269,9.2,161,2018-11-10 23:00:00,Hanging out Just ChattingNintendo Labo Vehicle Kit,3084,13609,2018-11-11 08:12:00
270,4.7,35,2018-11-10 00:11:00,[Error STOP 0x05278] Unknown -Title Error (LA Noire) L.A. Noire,2260,5446,2018-11-10 04:53:00
271,6.8,115,2018-11-08 23:14:00,LA Mystery Meat L.A. Noire,2740,10527,2018-11-09 06:02:00
272,7.6,158,2018-11-06 22:37:00,"Bart Simpson Chalkboard (I won't fall off the horse, I wont fall off the horse, I won't fall off the horse) Red Dead Redemption 2",2363,9560,2018-11-07 06:13:00
273,8.9,245,2018-11-05 21:38:00,RDR2 - Bein a Busy Buzzy Bee Red Dead Redemption 2,2805,14212,2018-11-06 06:32:00
274,7.3,236,2018-11-04 21:26:00,Lethal League BBall Lethal League BlazeRed Dead Redemption 2,3907,19576,2018-11-05 04:44:00
275,6.9,120,2018-11-01 21:49:00,Red D---ZRRRTT ead Redempt---RRRRR ion 2 Red Dead Redemption 2,3029,10943,2018-11-02 04:43:00
276,0.5,10,2018-10-30 01:53:00,jerma985's mobile stream Just Chatting,2632,0,2018-10-30 02:23:00
277,2.2,36,2018-10-26 21:41:00,"New Western Game w/ Action+ RPG Elements? Checkin it out, first impressions Red Dead Redemption 2",2917,4680,2018-10-26 23:53:00
278,1.5,82,2018-10-25 23:55:00,Landing in Vegas Just ChattingTravel & Outdoors,4538,5540,2018-10-26 01:25:00
279,0.3,3,2018-10-06 11:03:00,jerma985's mobile stream Travel & Outdoors,1789,0,2018-10-06 11:21:00
280,7.0,434,2018-09-30 21:37:00,Until They Turn Us Off BloodborneGrand Theft Auto VJust ChattingL.A. NoireMinecraftPeggle 2,5030,25760,2018-10-01 04:37:00
281,2.9,16,2018-09-28 20:09:00,The Gamer V Portable Games + Demos,2339,6148,2018-09-28 23:03:00
282,6.6,212,2018-09-25 19:10:00,Defective Detective IRLL.A. Noire,2952,11049,2018-09-26 01:46:00
283,1.4,36,2018-09-24 21:38:00,Defective IRLL.A. Noire,2850,6239,2018-09-24 23:02:00
284,5.3,97,2018-09-21 22:49:00,Definitive Audio - Oblivion in a bit IRLThe Elder Scrolls IV: Oblivion,2939,9865,2018-09-22 04:07:00
285,6.3,113,2018-09-18 22:14:00,Obliviate MagiStank The Elder Scrolls IV: Oblivion,3011,10646,2018-09-19 04:32:00
286,7.2,213,2018-09-17 22:55:00,Oblivious The Elder Scrolls IV: Oblivion,3549,16749,2018-09-18 06:07:00
287,4.7,34,2018-09-14 23:40:00,Doc Schols Immortal: Unchained,2340,6903,2018-09-15 04:22:00
288,8.2,244,2018-09-12 21:12:00,Scott Spindlemin (Peter Parker is his fake actor name) Marvel's Spider-Man,2823,14629,2018-09-13 05:24:00
289,6.0,178,2018-09-11 19:32:00,My Favorite Ice Cream Truck Character Marvel's Spider-Man,3011,11848,2018-09-12 01:32:00
290,6.2,251,2018-09-10 23:15:00,"The swinging, the motion, it's just incredible, the motion involved, the swinging around, nothing like swinging around new york. Marvel's Spider-Man",3434,14056,2018-09-11 05:27:00
291,6.7,237,2018-09-08 22:22:00,The Doctor is In(competent) IRLTwo Point Hospital,3426,14429,2018-09-09 05:04:00
292,1.8,37,2018-08-29 20:14:00,Short Get The Yeti Stream Bigfoot,2568,3753,2018-08-29 22:02:00
293,2.1,13,2018-08-28 20:25:00,Short Hangout Stream Games + Demos,2629,3558,2018-08-28 22:31:00
294,5.7,219,2018-08-24 22:41:00,Mutant House The Sims 4,3659,10444,2018-08-25 04:23:00
295,6.3,229,2018-08-23 23:04:00,"Simulating People, Monsters, and Aliens The Sims 4",4242,13149,2018-08-24 05:22:00
296,7.4,153,2018-08-18 22:31:00,Turning into a Cardboard Robot Nintendo Labo Robot Kit,3337,13485,2018-08-19 05:55:00
297,5.5,111,2018-08-17 21:51:00,DEA Drug Busts Total Overdose,2772,10658,2018-08-18 03:21:00
298,7.5,147,2018-08-15 21:36:00,Urban Runner [Old FMV Game] Urban Runner,2985,13729,2018-08-16 05:06:00
299,3.4,57,2018-08-12 23:11:00,A Blind Legend Games + Demos,2909,8300,2018-08-13 02:35:00
300,6.3,108,2018-08-10 22:34:00,Cooking a little snack 2 Overcooked! 2Regular Human BasketballWolfQuest,2640,12763,2018-08-11 04:52:00
301,3.3,124,2018-08-09 23:25:00,Scary Stories (Sleep with the LIGHTS ON TONIGHT) IRL,4049,9942,2018-08-10 02:43:00
302,5.2,101,2018-08-05 23:03:00,Western FPS Smash Bros. <---- Sky Noon,2973,12519,2018-08-06 04:15:00
303,6.8,122,2018-08-03 23:08:00,Fold Gold Nintendo Labo Variety Kit,3185,12482,2018-08-04 05:56:00
304,5.1,176,2018-08-01 22:20:00,"Grab that, Push that. Check Please Human: Fall Flat",4207,17364,2018-08-02 03:26:00
305,8.2,252,2018-07-30 22:40:00,DIY Nintendo Pizza Boxes Nintendo Labo Variety Kit,4445,18092,2018-07-31 06:52:00
306,2.7,53,2018-07-26 20:32:00,Chronic Napoleonic Holdfast: Nations At War,2344,7742,2018-07-26 23:14:00
307,8.3,207,2018-07-24 21:54:00,Bunker Builder House Flipper,3395,15061,2018-07-25 06:12:00
308,0.8,16,2018-07-21 21:13:00,"Another Day, Another Souls Dark Souls II: Scholar of the First Sin",2659,1609,2018-07-21 22:01:00
309,3.4,77,2018-07-20 23:03:00,Community Emote Contest GeoGuessrIRL,3472,7263,2018-07-21 02:27:00
310,6.4,150,2018-07-18 19:49:00,Shadow The Spiderman House FlipperPrototype,2938,11715,2018-07-19 02:13:00
311,2.4,44,2018-07-17 01:29:00,Smashing up Cars into lil Sardine Cans Wreckfest,2248,3662,2018-07-17 03:53:00
312,0.8,7,2018-07-16 22:55:00,Smashing up Cars into lil Sardine Cans Wreckfest,2472,2161,2018-07-16 23:43:00
313,4.6,72,2018-07-14 20:48:00,Saber Robots Clone Drone in the Danger Zone,3572,9266,2018-07-15 01:24:00
314,5.3,125,2018-07-12 23:19:00,World Dominance - 25% Destroy All Humans! 2PUBG MOBILE,2638,9270,2018-07-13 04:37:00
315,6.4,302,2018-07-10 21:51:00,Humanity Returns Destroy All Humans! 2,2881,12932,2018-07-11 04:15:00
316,4.6,72,2018-07-08 21:38:00,PVP and other multiplayer stuff Dark Souls,2345,7110,2018-07-09 02:14:00
317,7.1,121,2018-07-06 22:30:00,Drowning in the Remaster Dark Souls,2946,8942,2018-07-07 05:36:00
318,6.1,103,2018-07-03 22:59:00,Head Barely Above Water in the Remaster Dark Souls,2872,8222,2018-07-04 05:05:00
319,4.1,129,2018-07-01 22:58:00,Free MMO Party Bus PlanetSide 2Wizard101,4163,10004,2018-07-02 03:04:00
320,4.5,127,2018-06-30 22:53:00,Boston to Vegas Road Trip The Crew 2,3357,9051,2018-07-01 03:23:00
321,5.1,64,2018-06-28 23:59:00,Jackbox Hang out The Jackbox Party Pack 4,3226,7125,2018-06-29 05:05:00
322,5.3,121,2018-06-24 23:08:00,Swimmin around some more in the Remaster Dark Souls,2849,9213,2018-06-25 04:26:00
323,7.0,226,2018-06-21 22:55:00,Up to my Armpits (Still Safe) in the Remaster Dark Souls,3227,10737,2018-06-22 05:55:00
324,2.7,44,2018-06-20 23:03:00,Up to my Armpits (Still Safe) in the Remaster Dark SoulsIRL,2671,6572,2018-06-21 01:45:00
325,7.3,140,2018-06-19 23:17:00,Waist deep in the Remaster Dark Souls,2823,12031,2018-06-20 06:35:00
326,7.0,122,2018-06-17 22:56:00,Dippin' a toe into the Remaster Dark Souls,2819,11042,2018-06-18 05:56:00
327,4.4,58,2018-06-16 14:30:00,Guy in basement wipes out humanity Destroy All Humans!,2264,6340,2018-06-16 18:54:00
328,3.8,48,2018-06-13 00:05:00,PS2 Can of corn Retro,2139,6055,2018-06-13 03:53:00
329,1.5,13,2018-06-12 16:04:00,"Nin-Ten-Do, Say it with me now E3 2018",1788,2110,2018-06-12 17:34:00
330,7.6,319,2018-06-10 20:00:00,E3 Microsoft tell us something Destroy All Humans!E3 2018,4790,26301,2018-06-11 03:36:00
331,1.8,21,2018-06-08 22:49:00,Get Rid of Everybody Destroy All Humans!,2739,4465,2018-06-09 00:37:00
332,5.7,101,2018-06-05 23:01:00,"Dr. A. Cula (Andrew Cula, MD) Prescribing EPIC jokes XD Vampyr",2504,10089,2018-06-06 04:43:00
333,1.6,73,2018-06-03 20:46:00,The Polygraph Exam IRL,4425,6257,2018-06-03 22:22:00
334,8.4,283,2018-05-30 21:10:00,Digital Humanism Detroit: Become Human,4094,16416,2018-05-31 05:34:00
335,6.5,235,2018-05-29 21:06:00,Too Human Detroit: Become Human,3827,12350,2018-05-30 03:36:00
336,7.3,112,2018-05-27 19:18:00,PS2 Cookie Box Retro,2532,11545,2018-05-28 02:36:00
337,5.6,96,2018-05-25 23:00:00,"The PS2 Had Over 3,874 Games Retro",2611,8482,2018-05-26 04:36:00
338,7.0,109,2018-05-22 22:35:00,Marvel's Bad Interrogator The Punisher,2613,9503,2018-05-23 05:35:00
339,7.2,187,2018-05-19 17:15:00,Cashing in on the Housing Market House Flipper,3996,13778,2018-05-20 00:27:00
340,4.6,46,2018-05-18 20:49:00,Report from Hell Michigan: Report from Hell,2496,7419,2018-05-19 01:25:00
341,3.5,39,2018-05-15 15:44:00,Venting out frustrations in FoF Fistful of Frags,2223,8172,2018-05-15 19:14:00
342,5.3,322,2018-05-12 02:23:00,Adult Leap Frog Mount Your Friends 3D: A Hard Man Is Good to ClimbWorms Revolution,2728,11775,2018-05-12 07:41:00
343,3.6,35,2018-05-10 23:39:00,Trying to ride out my terrible internet Unknown,2690,9258,2018-05-11 03:15:00
344,0.2,0,2018-05-10 22:43:00,Reporting from Hell Michigan: Report from Hell,784,0,2018-05-10 22:55:00
345,2.0,15,2018-05-07 23:56:00,Unwell Streamer uses technology to communicate Crysis,1815,3133,2018-05-08 01:56:00
346,5.1,41,2018-05-05 22:08:00,First Person Rug-light City of Brass,2179,8489,2018-05-06 03:14:00
347,5.3,97,2018-05-02 22:45:00,Who dun it? find em edition Murderous Pursuits,2549,9452,2018-05-03 04:03:00
348,6.2,83,2018-04-30 22:03:00,Finishing S-Dogs Sleeping Dogs,2264,8619,2018-05-01 04:15:00
349,6.7,38,2018-04-27 23:13:00,Questionable Police Work Sleeping Dogs,1981,6969,2018-04-28 05:55:00
350,5.6,43,2018-04-26 23:28:00,True Crime: Bicentennial Man Sleeping Dogs,2237,6577,2018-04-27 05:04:00
351,6.6,100,2018-04-25 23:16:00,True Sleeping Crime Dogs Sleeping Dogs,2528,9889,2018-04-26 05:52:00
352,2.1,37,2018-04-21 22:59:00,The Detective Stream Unknown,2471,3763,2018-04-22 01:05:00
353,6.9,63,2018-04-19 23:00:00,Cleanin' up the Crime True Crime: New York City,2161,7266,2018-04-20 05:54:00
354,6.6,113,2018-04-17 22:57:00,Actual Crime True Crime: New York City,2579,9043,2018-04-18 05:33:00
355,4.1,158,2018-04-12 00:49:00,Get the Briefcase? SCP: Secret LaboratorySub Rosa,2918,11417,2018-04-12 04:55:00
356,1.4,5,2018-04-10 23:39:00,Audio Only til my internet goes down True Crime: New York CityVoid,2543,3340,2018-04-11 01:03:00
357,5.5,47,2018-04-04 21:54:00,A New Generation of Dinosaurs Dino CrisisMonster Rancher 3Resident Evil 3: Nemesis,2401,10775,2018-04-05 03:24:00
358,2.7,58,2018-04-02 00:00:00,Choose your own adventure IRL,3309,7390,2018-04-02 02:42:00
359,0.8,43,2018-03-30 23:14:00,The Family Dinner IRL,3744,2927,2018-03-31 00:02:00
360,6.0,71,2018-03-29 23:06:00,AI Director in The Mountains Far Cry 5,2261,7916,2018-03-30 05:06:00
361,5.8,83,2018-03-27 22:27:00,Far Cry V: Montana Far Cry 5,2587,9381,2018-03-28 04:15:00
362,8.1,168,2018-03-23 23:11:00,Get atta jail free card A Way Out,3461,13884,2018-03-24 07:17:00
363,5.0,41,2018-03-22 23:27:00,Who dun it? A Murder Mystery Burnout ParadiseThe Council,2691,7445,2018-03-23 04:27:00
364,10.0,156,2018-03-20 22:02:00,Dad Vicariously Lives Through His More Talented Monster Family Monster Rancher 2,2886,12405,2018-03-21 08:02:00
365,5.8,62,2018-03-18 00:14:00,Desperate Streamer Seeks Capable Strong Monster Monster Rancher 2,2556,10566,2018-03-18 06:02:00
366,6.2,52,2018-03-16 23:20:00,Bean Bag Sonic Monster Rancher 2,2763,9687,2018-03-17 05:32:00
367,6.2,98,2018-03-15 23:22:00,Master Monster Breeder Monster Rancher 2,2836,10200,2018-03-16 05:34:00
368,3.9,42,2018-03-10 00:32:00,Brain Games Flash,2911,6452,2018-03-10 04:26:00
369,5.2,37,2018-03-08 23:45:00,IllnessCraft Bio Inc. Redemption,2529,8506,2018-03-09 04:57:00
370,6.1,78,2018-03-06 23:59:00,Breeding Monsters [Quick Cash Secrets] Monster Rancher,2600,8520,2018-03-07 06:05:00
371,3.0,37,2018-03-02 00:01:00,Down the Rabbit Hole Again Monster RancherRetro,2490,5043,2018-03-02 03:01:00
372,5.4,89,2018-02-28 17:58:00,Delivery King Kingdom Come: Deliverance,1820,8037,2018-02-28 23:22:00
373,5.8,78,2018-02-27 23:55:00,Kingdom Come: Digiorno Kingdom Come: Deliverance,2486,8268,2018-02-28 05:43:00
374,5.0,90,2018-02-26 22:06:00,Kingdom Come (But he actually pays attention this time) Kingdom Come: Deliverance,2631,9488,2018-02-27 03:06:00
375,5.0,124,2018-02-25 22:43:00,"Thy Kingdom Come, Thy Will Be Done Kingdom Come: Deliverance",3284,12261,2018-02-26 03:43:00
376,6.7,72,2018-02-23 22:31:00,Dealin' with Rats 2 Bloody Trapland 2: CuriosityWarhammer: Vermintide 2,2285,13651,2018-02-24 05:13:00
377,4.3,29,2018-02-20 23:57:00,Point Blank 2 and 3 on an Old Grandma TV Point Blank 2,2057,7113,2018-02-21 04:15:00
378,3.6,42,2018-02-19 00:08:00,PS1 Cheasure Trest Retro,2664,7797,2018-02-19 03:44:00
379,3.8,66,2018-02-17 23:37:00,Light Gun Troubleshooting Point BlankTime CrisisTime Crisis 2,2701,8107,2018-02-18 03:25:00
380,5.7,48,2018-02-09 23:53:00,Octopi against Humanity Octogeddon,2626,8145,2018-02-10 05:35:00
381,5.9,88,2018-02-09 00:12:00,Destroying earth tonight Octogeddon,2894,9344,2018-02-09 06:06:00
382,4.0,67,2018-02-06 23:52:00,AP classes prepare you for college Alpha Protocol,2564,7913,2018-02-07 03:52:00
383,3.8,105,2018-02-02 02:45:00,Subnautica Meme Funeral Subnautica,2690,7245,2018-02-02 06:33:00
384,5.8,118,2018-01-31 23:59:00,Subterranean Underwater Utility Vehicle Subnautica,2625,9347,2018-02-01 05:47:00
385,4.7,60,2018-01-27 23:24:00,Herman Munster Hunter Monster Hunter World,1623,6152,2018-01-28 04:06:00
386,5.6,79,2018-01-26 23:36:00,MonHuntWorPS4x64.exe Monster Hunter World,1699,8299,2018-01-27 05:12:00
387,2.6,45,2018-01-26 00:08:00,Before the Until Dawn The Inpatient,2348,5347,2018-01-26 02:44:00
388,3.9,99,2018-01-23 23:52:00,Battle Royale Game #16 SOS,3219,12563,2018-01-24 03:46:00
389,2.7,56,2018-01-20 23:54:00,Dr. Robot Dolittle Bot Colony,3406,5964,2018-01-21 02:36:00
390,4.8,81,2018-01-19 23:34:00,Guy Feeds his Fish Insaniquarium Deluxe,2845,9400,2018-01-20 04:22:00
391,5.3,63,2018-01-17 20:15:00,Relaxing Horror Game Horror Stories,2835,10283,2018-01-18 01:33:00
392,3.9,44,2018-01-12 23:22:00,LA Real Crime: Streets of Rage IRLTrue Crime: Streets of LA,1969,7301,2018-01-13 03:16:00
393,4.4,41,2018-01-12 00:32:00,Paranoid Streamer Runs From Upload Monster Neighbors from HellNeighbors from Hell 2: On VacationTrue Crime: Streets of LA,2394,6764,2018-01-12 04:56:00
394,1.6,24,2018-01-09 23:57:00,Cleaned out my closet Neighbours From HellTalk Shows & Podcasts,2296,0,2018-01-10 01:33:00
395,3.9,93,2018-01-06 00:01:00,Fighting against bad Internet IRLMetro: Last LightRide! Carnival Tycoon,2472,8672,2018-01-06 03:55:00
396,2.2,23,2018-01-03 00:00:00,Torture Cards LINCHLost Castle,2563,5934,2018-01-03 02:12:00
397,2.9,103,2018-01-01 03:58:00,The Kill The Meme Stream - New Years Eve Party WWE 2K18,4820,6557,2018-01-01 06:52:00
398,6.4,121,2017-12-29 00:01:00,Back in the Tunnels Metro 2033,2494,8517,2017-12-29 06:25:00
399,0.8,35,2017-12-24 02:36:00,"The Decorate the Tree, Merry Christmas Stream IRL",3489,2503,2017-12-24 03:24:00
400,4.7,50,2017-12-23 00:33:00,Metro Electro Metro 2033,2290,8392,2017-12-23 05:15:00
401,1.4,47,2017-12-22 00:07:00,Short Get Over It Stream Getting Over ItIRL,2832,3592,2017-12-22 01:31:00
402,4.4,52,2017-12-19 23:59:00,Fire Pro - Just Relaxin Fire Pro Wrestling World,2682,6876,2017-12-20 04:23:00
403,3.6,54,2017-12-16 00:57:00,Chris Redfield VR PlayStation VR WorldsResident Evil 7 biohazard,2338,5633,2017-12-16 04:33:00
404,4.5,29,2017-12-12 23:47:00,Pets and Animals Catagory Cute Pets,2615,8549,2017-12-13 04:17:00
405,4.1,55,2017-12-11 18:10:00,"Let's have a little fun, huh? Deadly Premonition: The Director's CutIRL",2450,7809,2017-12-11 22:16:00
406,4.3,199,2017-12-11 00:15:00,Give it a rest Getting Over ItMarc Ecko's Getting Up: Contents Under PressurePutt-Putt Saves the Zoo,3957,12631,2017-12-11 04:33:00
407,5.7,96,2017-12-06 02:02:00,"Switch, a Fiend, and Me 1, 2, SwitchOne-Two-ThreeOvercooked!Puyo Puyo TetrisSnipperclips: Cut It Out, Together!Troll and IUnknownVaccine",3139,9246,2017-12-06 07:44:00
408,1.7,35,2017-12-02 02:13:00,Painting with your friend Creative,3006,5364,2017-12-02 03:55:00
409,4.1,101,2017-12-01 00:26:00,Local Co-op Friend Sesh CupheadGames + DemosObscure: The Aftermath,3327,7709,2017-12-01 04:32:00
410,2.7,33,2017-11-29 23:54:00,Ghostbuster Boy Heart of Darkness,2363,4007,2017-11-30 02:36:00
411,4.0,201,2017-11-26 02:21:00,Intruder Later. Chilling with The Zoombinis for a bit IntruderZoombinis: Mountain Rescue,3278,8981,2017-11-26 06:21:00
412,3.6,57,2017-11-25 00:07:00,Zoombiniville IRLLogical Journey of the Zoombinis,2703,7085,2017-11-25 03:43:00
413,1.6,13,2017-11-21 23:50:00,Will I last an hour? E.Y.E: Divine Cybermancy,2263,3253,2017-11-22 01:26:00
414,3.5,59,2017-11-19 23:01:00,The end of the PS3 stash BackbreakerDef Jam: IconStarhawkUnknownVenetica,2883,6465,2017-11-20 02:31:00
415,5.1,131,2017-11-18 00:00:00,Multiple Choice Murder Mystery Condemned 2: Bloodshot,3804,10459,2017-11-18 05:06:00
416,5.4,101,2017-11-16 23:59:00,Dirty Batman Condemned 2: Bloodshot,2397,7104,2017-11-17 05:23:00
417,4.6,80,2017-11-15 00:00:00,Ending The Harvest Harvester,3021,6863,2017-11-15 04:36:00
418,6.7,175,2017-11-11 00:41:00,"Drunk, Drug Batman 2 Condemned 2: BloodshotHarvesterSorcery",2902,10951,2017-11-11 07:23:00
419,0.7,51,2017-11-10 01:20:00,How to Build a PC [starting soon between 8-9) IRL,3716,2692,2017-11-10 02:02:00
420,5.3,130,2017-11-08 23:59:00,RNGrievous Hand of Fate 2,2031,10529,2017-11-09 05:17:00
421,5.3,158,2017-11-07 23:56:00,"Go Fish, but you have to fight people Hand of Fate 2",4145,10143,2017-11-08 05:14:00
422,5.5,105,2017-11-03 23:03:00,"Grab Anything, Survive the Psychos Condemned: Criminal OriginsVampire: The Masquerade - Bloodlines",2441,7066,2017-11-04 04:33:00
423,5.4,110,2017-11-02 23:11:00,Assasin Creed 0 Assassin's Creed OriginsCondemned: Criminal Origins,2707,8534,2017-11-03 04:35:00
424,4.0,67,2017-11-01 22:55:00,Mop Mouth Monster Makes Men Maniacs Call of Cthulhu: Dark Corners of the EarthClock Tower,2619,5486,2017-11-02 02:55:00
425,5.7,119,2017-10-28 21:53:00,Halloweek Freight Train Vampire: The Masquerade - Bloodlines,2697,9547,2017-10-29 03:35:00
426,6.2,75,2017-10-27 22:54:00,Halloweek Freight Train Clive Barker's UndyingPhantasmagoria: A Puzzle of FleshUnknown,1987,7342,2017-10-28 05:06:00
427,4.6,85,2017-10-26 22:59:00,Halloweek Freight Train NosferatuPhantasmagoria: A Puzzle of FleshShadow Man,2347,6261,2017-10-27 03:35:00
428,4.3,75,2017-10-25 23:37:00,Halloweek Freight Train The Suffering,2394,6773,2017-10-26 03:55:00
429,2.6,58,2017-10-19 00:10:00,EEELEX ELEX,2390,6088,2017-10-19 02:46:00
430,3.6,64,2017-10-17 22:59:00,PS3 Hell Dead to Rights: RetributionHazeLucha Libre AAA Heroes del RingMindjackTony Hawk: RIDEUnknown,2321,5184,2017-10-18 02:35:00
431,4.5,174,2017-10-14 12:57:00,Whatboutdeylegs? Middle-earth: Shadow of War,3078,7849,2017-10-14 17:27:00
432,4.6,58,2017-10-14 00:20:00,Monsters: Evil Within 2 [Mew 2] Darkest DungeonThe Evil Within 2,2208,7111,2017-10-14 04:56:00
433,6.3,89,2017-10-12 23:14:00,Orc Mediation Services Middle-earth: Shadow of War,2004,7499,2017-10-13 05:32:00
434,5.9,69,2017-10-10 22:51:00,Rain-jah Vs. Orc Scum Middle-earth: Shadow of War,2126,7780,2017-10-11 04:45:00
435,4.6,51,2017-10-07 00:46:00,PSVR Puke Party EverestParanormal Activity: The Lost SoulRollercoaster DreamsUnknownUntil Dawn: Rush of BloodVRog,2346,7453,2017-10-07 05:22:00
436,3.0,125,2017-10-05 23:01:00,Deal with the Devil Cuphead,3387,8336,2017-10-06 02:01:00
437,4.5,255,2017-09-29 22:58:00,Cartoon Cartoon Fridays Cuphead,3727,11311,2017-09-30 03:28:00
438,4.7,77,2017-09-28 22:40:00,Dog Bone Warrior Demon's Souls,2106,5990,2017-09-29 03:22:00
439,5.7,95,2017-09-26 23:05:00,Slathering my Blade with Demon Aioli Demon's Souls,2034,6923,2017-09-27 04:47:00
440,1.4,19,2017-09-22 03:09:00,kung fu rider IRLKung Fu RiderStart the Party,1798,3128,2017-09-22 04:33:00
441,2.2,32,2017-09-22 00:22:00,"Monkey See, Monkey Do Echo",2532,4776,2017-09-22 02:34:00
442,5.1,103,2017-09-18 23:48:00,Demon Souls-like RPG Demon's Souls,2017,5269,2017-09-19 04:54:00
443,4.4,82,2017-09-14 23:09:00,The First Souls [Blind] Demon's Souls,2075,6021,2017-09-15 03:33:00
444,3.5,88,2017-09-13 00:33:00,Dark Souls 0 [Blind] Demon's Souls,2496,5205,2017-09-13 04:03:00
445,4.4,120,2017-09-08 23:00:00,Spin the PS3 Roulette FractureJohn Woo presents StrangleholdLairNaughty BearNeverDeadPLAYERUNKNOWN'S BATTLEGROUNDSThe Voice: I Want YouVampire Rain: Altered Species,2503,9207,2017-09-09 03:24:00
446,4.0,78,2017-09-07 22:36:00,You Gatta. Have. Confidence. Darkest Dungeon,2071,5411,2017-09-08 02:36:00
447,5.1,164,2017-09-05 23:08:00,Overconfidence yada yada yada Darkest Dungeon,2284,7967,2017-09-06 04:14:00
448,4.4,155,2017-09-01 23:01:00,"Hollywood, Here I come! TV SuperstarsYoostar 2: In The Movies",3333,7051,2017-09-02 03:25:00
449,3.0,73,2017-08-31 23:33:00,Jay Born Born to RockPrison Break: The ConspiracyRobert Ludlum's The Bourne ConspiracyUnknown,2403,2177,2017-09-01 02:33:00
450,4.3,309,2017-08-30 00:27:00,Stalker Video Game AbsolverS.T.A.L.K.E.R.: Shadow of Chernobyl,2471,10249,2017-08-30 04:45:00
451,5.0,118,2017-08-25 23:04:00,Magus LegendaryMagusThe SaboteurWheelman,2425,9999,2017-08-26 04:04:00
452,5.1,119,2017-08-24 23:00:00,"Bear Grylls, guide my path Jurassic: The HuntedMan vs. WildTokyo Jungle",2456,7543,2017-08-25 04:06:00
453,4.8,128,2017-08-22 22:59:00,The King of The Jungle Tokyo Jungle,2546,10346,2017-08-23 03:47:00
454,4.6,247,2017-08-18 23:40:00,Blind Stalker S.T.A.L.K.E.R.: Shadow of Chernobyl,2213,7903,2017-08-19 04:16:00
455,3.7,119,2017-08-17 23:00:00,Gunslinga' Call of Juarez: GunslingerCrashdayIRLThe Typing of The Dead: OverkillUnknown,2299,5899,2017-08-18 02:42:00
456,4.8,99,2017-08-16 23:43:00,Expedition: Blow Up Mars Red Faction: Guerrilla,1586,4733,2017-08-17 04:31:00
457,5.8,104,2017-08-15 22:47:00,Mars Moving Company Red Faction: Guerrilla,1933,5972,2017-08-16 04:35:00
458,4.1,143,2017-08-11 22:58:00,Call in The Custodian Red Faction: Guerrilla,2249,5357,2017-08-12 03:04:00
459,4.8,122,2017-08-10 22:55:00,Goth of the 2000's GothicGothic 3 : Forsaken GodsIRL,2446,7398,2017-08-11 03:43:00
460,1.4,12,2017-08-09 17:59:00,Quick Little Streamie Redeemer,1414,2037,2017-08-09 19:23:00
461,3.7,119,2017-08-08 23:02:00,Dark M of M&M's Dark Messiah of Might & Magic,2000,4849,2017-08-09 02:44:00
462,4.1,99,2017-08-07 23:08:00,Master of the Slippery Kick Dark Messiah of Might & Magic,2244,6319,2017-08-08 03:14:00
463,3.8,149,2017-08-04 23:06:00,Dark Magic Dark Messiah of Might & Magic,1924,5756,2017-08-05 02:54:00
464,3.6,725,2017-08-03 22:57:00,Jermania: Stream Edition 2017 WWE 2K17,5533,10033,2017-08-04 02:33:00
465,3.1,47,2017-07-28 22:30:00,Sega CD Cheasure Trest Double SwitchFahrenheitLethal Enforcers I & IIMansion of Hidden SoulsMidnight RaidersSonic CDSupreme WarriorUnknownWho Shot Johnny Rock?Wild Woody,1974,3955,2017-07-29 01:36:00
466,4.2,131,2017-07-27 22:34:00,The Good Ol' Sega CD Double SwitchGround Zero: TexasMidnight RaidersMighty Morphin Power RangersNight TrapSurgical StrikeUnknownWirehead,2343,6476,2017-07-28 02:46:00
467,3.5,147,2017-07-25 23:25:00,Red Dead Undead Scary Army of TwoRed Dead Redemption: Undead Nightmare,2153,7124,2017-07-26 02:55:00
468,3.4,144,2017-07-21 23:08:00,Not Meatboy The End is Nigh,2043,6460,2017-07-22 02:32:00
469,4.4,102,2017-07-20 22:39:00,The Master of Time and Space TimeShift,1873,6251,2017-07-21 03:03:00
470,4.7,364,2017-07-19 00:02:00,Undead Nightmare :Ghost: Red Dead Redemption: Undead Nightmare,2349,6547,2017-07-19 04:44:00
471,6.2,679,2017-07-17 23:00:00,CC: FWD: RE: Red Dead Red Dead Redemption,2052,7305,2017-07-18 05:12:00
472,3.5,179,2017-07-15 00:17:00,Friday Night PSV Reality FarpointJob Simulator: The 2050 ArchivesSpecial Delivery: Santa's Christmas ChaosStar Trek: Bridge Crew,2379,7073,2017-07-15 03:47:00
473,5.4,552,2017-07-13 23:00:00,FWD: Re: Red Dead Red Dead Redemption,2043,6512,2017-07-14 04:24:00
474,5.4,580,2017-07-11 23:29:00,Re: Red Dead Red Dead Redemption,2153,6610,2017-07-12 04:53:00
475,5.0,568,2017-07-09 23:02:00,Red Dead Take 2 Red Dead Redemption,2273,11392,2017-07-10 04:02:00
476,2.3,247,2017-07-08 01:15:00,Starp In Contradiction: Spot The Liar!Red Dead RedemptionTeam Fortress 2Unknown,2538,10483,2017-07-08 03:33:00
477,4.8,233,2017-07-06 23:09:00,FMV Horror Show SWATThe BunkerThe Infectious Madness of Doctor Dekker,2732,7553,2017-07-07 03:57:00
478,3.6,78,2017-06-30 22:30:00,Central Intelligence Activities IRLSpycraft: The Great Game,2181,4587,2017-07-01 02:06:00
479,4.3,75,2017-06-30 00:34:00,Beat the Game Challenge Kane & Lynch 2: Dog Days,2198,5777,2017-06-30 04:52:00
480,3.2,45,2017-06-27 23:12:00,Dead by Dawn! Dead by Dawn! Until Dawn,2892,5970,2017-06-28 02:24:00
481,5.7,123,2017-06-23 23:03:00,From Dusk Until Dawn Until Dawn,3028,12226,2017-06-24 04:45:00
482,4.0,66,2017-06-22 22:55:00,Driver's Ed: The Rules of The Road City Car DrivingGet EvenUnknown,2669,6540,2017-06-23 02:55:00
483,3.4,66,2017-06-20 23:30:00,Little Frightmare Little Nightmares,2359,5243,2017-06-21 02:54:00
484,1.4,136,2017-06-11 21:47:00,Short E3 chill stream E3,2064,9173,2017-06-11 23:11:00
485,3.2,0,2017-06-10 23:24:00,Phoning HomeSniper: Ghost Warrior 3,2237,0,2017-06-11 02:36:00
486,3.8,120,2017-06-09 22:28:00,Wall-E Survives or Something Passpartout: The Starving Artist,2472,7150,2017-06-10 02:16:00
487,4.6,59,2017-06-02 21:40:00,The PUB G Embarrassment Tour PLAYERUNKNOWN'S BATTLEGROUNDS,1730,3087,2017-06-03 02:16:00
488,4.0,302,2017-06-01 23:45:00,The PUB G Embarrassment Tour PLAYERUNKNOWN'S BATTLEGROUNDS,1833,14343,2017-06-02 03:45:00
489,2.8,22,2017-05-30 23:08:00,Spooky Perceiver Danger ZonePerception,2262,3323,2017-05-31 01:56:00
490,4.5,26,2017-05-26 21:03:00,Friday Not The 13th Friday the 13th: The GameThe Surge,2417,2030,2017-05-27 01:33:00
491,2.0,95,2017-05-25 23:14:00,Friday Not The 13th Pursuit of JusticeUnknown,1836,8138,2017-05-26 01:14:00
492,3.7,29,2017-05-23 22:54:00,Yakuza Zero Yakuza 0,2032,3741,2017-05-24 02:36:00
493,2.5,164,2017-05-21 02:31:00,Complain Stream Immortal Redneck,1753,6990,2017-05-21 05:01:00
494,3.9,45,2017-05-18 22:58:00,Final night with redneck Immortal Redneck,2106,4171,2017-05-19 02:52:00
495,2.9,203,2017-05-16 18:59:00,A Redneck in Egypt Immortal Redneck,1981,8020,2017-05-16 21:53:00
496,2.2,142,2017-05-14 12:42:00,Rouge-lite Redneck Immortal Redneck,1429,4215,2017-05-14 14:54:00
497,5.2,168,2017-05-13 00:22:00,Outlast Gum [Feel The Surge] Outlast 2Rat Simulator,2151,10306,2017-05-13 05:34:00
498,3.1,616,2017-05-12 00:00:00,The Outlast 2 Straight Face Challenge Outlast 2,2213,14970,2017-05-12 03:06:00
499,0.7,87,2017-05-05 15:31:00,American Idol is not fun [Short Stream] American Idol,1402,6991,2017-05-05 16:13:00
500,3.4,129,2017-05-04 23:00:00,Is that your FINAL answer Family FeudUnknownWho Wants To Be A Millionaire: Third EditionWho Wants to Beat Up a Millionaire,2963,6051,2017-05-05 02:24:00
501,3.2,-9,2017-05-02 23:11:00,Family Feud Family FeudThe Price is Right,3101,4487,2017-05-03 02:23:00
502,2.6,15,2017-04-28 23:00:00,Back to trespasser Peter Jackson's King Kong: The Official Game of the MoviePrimal Carnage: ExtinctionTrespasser: Jurassic Park,2203,2460,2017-04-29 01:36:00
503,4.0,161,2017-04-27 22:55:00,The King Kong - Official The Movie - The Game: Trespasser: Jurassic Park,2699,9559,2017-04-28 02:55:00
504,2.4,30,2017-04-25 23:29:00,Dinosaur Week Carnivores: CityscapePrimal PreyShark AttackUnknown,2508,4110,2017-04-26 01:53:00
505,3.4,49,2017-04-21 23:01:00,A game made by kids Biglands: A Game Made By KidsEverythingUnknown,2469,4240,2017-04-22 02:25:00
506,4.3,233,2017-04-20 22:58:00,I am one Bloody Trapland 2: CuriosityLate ShiftToukiden 2,2883,16842,2017-04-21 03:16:00
507,3.0,506,2017-04-19 00:31:00,More battles Casino IncLate ShiftUltimate Epic Battle SimulatorUnknown,3206,16709,2017-04-19 03:31:00
508,1.5,10,2017-04-13 23:04:00,Historic Battles Only Ultimate Sim,2158,924,2017-04-14 00:34:00
509,3.9,75,2017-04-11 23:23:00,I remember that N64 console Yooka-Laylee,2244,6270,2017-04-12 03:17:00
510,3.9,33,2017-04-07 22:29:00,Wind down fistful Bloody TraplandFistful of FragsSpore,2251,3337,2017-04-08 02:23:00
511,1.3,79,2017-04-06 22:49:00,Bloody Trapland 2 with a friendo LEGO City UndercoverStealth,1689,5561,2017-04-07 00:07:00
512,2.9,132,2017-04-05 23:18:00,Stealth Master Family FeudFlatout 4: Total Insanity,2441,7504,2017-04-06 02:12:00
513,2.2,167,2017-03-31 17:41:00,Dark Souls 3: Believe in yourself [DLC] Dark Souls III,1595,11348,2017-03-31 19:53:00
514,3.2,566,2017-03-30 22:43:00,Dark Souls 3: DLC City Dark Souls III,2312,19942,2017-03-31 01:55:00
515,3.6,0,2017-03-29 22:59:00,Dark Souls III,2291,0,2017-03-30 02:35:00
516,3.5,117,2017-03-24 23:54:00,Hollowed be thy name (I'm running out of titles) Hollow Knight,1363,6254,2017-03-25 03:24:00
517,3.0,374,2017-03-23 23:42:00,"You've gone Hollow, have you? Hollow Knight",1440,10824,2017-03-24 02:42:00
518,1.2,26,2017-03-21 23:10:00,Put it.. back.. in the holster Mad Dog McCree: Gunslinger Pack,2598,3295,2017-03-22 00:22:00
519,4.3,111,2017-03-17 23:14:00,Bug Boy! [New Emotes/Badges!] Hollow Knight,1530,9048,2017-03-18 03:32:00
520,1.6,13,2017-03-16 22:59:00,Bug Knight [short stomach-ache stream] Hollow Knight,1316,611,2017-03-17 00:35:00
521,3.1,107,2017-03-15 23:15:00,Bug Knight [short stomach-ache stream] Hollow Knight,1655,6425,2017-03-16 02:21:00
522,3.2,303,2017-03-10 00:03:00,"At PAX, See you on Tuesday! LEGO Worlds",2694,11110,2017-03-10 03:15:00
523,3.8,501,2017-03-07 23:59:00,Horizon Horizon Zero Dawn,2404,14996,2017-03-08 03:47:00
524,4.1,197,2017-03-03 23:58:00,GTA w buddddyyyy Bigfoot HunterGrand Theft Auto V,2572,9125,2017-03-04 04:04:00
525,3.3,369,2017-03-03 00:14:00,Pirate Hunting BlackwakeMan O' War: CorsairMarlow Briggs and the Mask of Death,2214,12399,2017-03-03 03:32:00
526,3.0,354,2017-03-01 01:33:00,"TF2, yeap I Expect You to DieJob Simulator: The 2050 ArchivesTeam Fortress 2",2899,14679,2017-03-01 04:33:00
527,2.8,428,2017-02-28 01:39:00,PSVR Funzo BatmanI Expect You to DieRigs Mechanized Combat League,2388,15146,2017-02-28 04:27:00
528,2.4,235,2017-02-25 00:03:00,Random PSVR BatmanEagle FlightResident Evil 7 biohazard,2651,13479,2017-02-25 02:27:00
529,2.6,824,2017-02-21 23:59:00,Cowboy Chill Fistful of Frags,2760,14422,2017-02-22 02:35:00
530,3.2,309,2017-02-18 00:33:00,Scope Mouth Wash [Funny Joke] Sniper Elite 4,2013,9739,2017-02-18 03:45:00
531,3.5,652,2017-02-17 00:15:00,"Silent Scope [New movie title, don't steal] Sniper Elite 4",2514,16795,2017-02-17 03:45:00
532,2.3,590,2017-02-14 01:49:00,[No Guess] Family Feud,3142,11755,2017-02-14 04:07:00
533,3.6,204,2017-02-12 00:08:00,By The Blade and Grave [artsy title] For Honor,2856,14653,2017-02-12 03:44:00
534,3.8,1066,2017-02-10 00:04:00,JACKBOX FibbageNiohQuiplash,2177,22265,2017-02-10 03:52:00
535,2.6,27,2017-02-04 22:20:00,Tom Clancy's Ghost Wilderness Tom Clancy's Ghost Recon: Wildlands,2062,1854,2017-02-05 00:56:00
536,1.9,263,2017-02-03 23:27:00,Tom Clancy's Ghost Wilderness Unknown,2906,10967,2017-02-04 01:21:00
537,3.6,291,2017-01-31 23:56:00,Q&A Comb Stream IRLResident Evil 7 biohazard,2523,13452,2017-02-01 03:32:00
538,2.5,288,2017-01-28 21:22:00,"Lights, Action, NO CAMERA EnclaveThe Movies: Stunts & Effects",2416,17939,2017-01-28 23:52:00
539,4.3,0,2017-01-27 23:43:00,Resident Evil 7 biohazard,3327,0,2017-01-28 04:01:00
540,3.7,186,2017-01-27 00:03:00,More PSVR in The Scary House Resident Evil 7 biohazard,2852,10019,2017-01-27 03:45:00
541,3.8,571,2017-01-26 00:36:00,PSVR Resident Evil 7 Resident Evil 7 biohazard,4022,20939,2017-01-26 04:24:00
542,6.7,309,2017-01-20 20:15:00,Monster Hunting all day Monster Hunter 3 Ultimate,1729,14709,2017-01-21 02:57:00
543,4.4,303,2017-01-18 15:49:00,MonstaHunt Monster Hunter 3 Ultimate,1566,17877,2017-01-18 20:13:00
544,3.4,0,2017-01-18 00:32:00,Monster Hunter 3 Ultimate,2293,0,2017-01-18 03:56:00
545,0.9,415,2017-01-16 22:28:00,Monday make up stream My Summer Car,3179,18299,2017-01-16 23:22:00
546,1.2,197,2017-01-12 23:50:00,Do Some Errands My Summer Car,3022,7457,2017-01-13 01:02:00
547,4.5,718,2017-01-11 00:05:00,Paladinnnnnns Giants: Citizen KabutoPaladins,2045,17856,2017-01-11 04:35:00
548,4.3,328,2017-01-07 00:45:00,Isaac Isaac Isaac [Antibirth] IRLThe Binding of Isaac: Afterbirth,4055,13659,2017-01-07 05:03:00
549,2.6,235,2017-01-05 23:49:00,Community Isaac Mod [Antibirth] The Binding of Isaac: Rebirth,3100,11134,2017-01-06 02:25:00
550,4.1,686,2017-01-04 00:29:00,Fistful Fistful of FragsPunch-Out!!,3144,21425,2017-01-04 04:35:00
551,3.6,251,2016-12-30 23:20:00,Smooth Moves Devil's ThirdFast Draw ShowdownSuper Mario MakerUnknownWarioWare: Smooth Moves,4019,6739,2016-12-31 02:56:00
552,3.4,334,2016-12-29 23:59:00,Smooth Moves Devil's ThirdSuper Mario MakerWarioWare: Smooth MovesWii Casual,3144,16717,2016-12-30 03:23:00
553,4.1,211,2016-12-27 23:27:00,Post Christmas Whiskey Passin Fistful of Frags,2890,6645,2016-12-28 03:33:00
554,2.1,100,2016-12-24 00:07:00,The Merry Christmas Super Spectacular Christmas Wonderland,2887,7052,2016-12-24 02:13:00
555,4.2,70,2016-12-22 23:34:00,A New Adventure Begins The Warlock of Firetop Mountain,1946,5017,2016-12-23 03:46:00
556,5.1,308,2016-12-20 23:57:00,Zoombiniville Dead Rising 4,2010,13163,2016-12-21 05:03:00
557,3.5,197,2016-12-18 16:54:00,Dirty Gun Fights Fistful of FragsStreet Warrior,2214,11006,2016-12-18 20:24:00
558,4.1,301,2016-12-16 18:48:00,Sick Boy Plays Bloodborne BloodborneHITMANPeggle 2,1744,13723,2016-12-16 22:54:00
559,3.8,397,2016-12-14 00:04:00,Into the Year 2000 The Movies,2625,22746,2016-12-14 03:52:00
560,5.8,113,2016-12-10 00:07:00,F2P Silly Souls Let It Die,2052,8295,2016-12-10 05:55:00
561,7.4,89,2016-12-09 00:00:00,Continuing Doggo The Last Guardian,1757,7038,2016-12-09 07:24:00
562,3.0,325,2016-12-07 23:53:00,Earth D Earth Defense Force 4.1: The Shadow of New Despair,1561,16880,2016-12-08 02:53:00
563,6.7,262,2016-12-07 00:04:00,Just A Boy and His Dog The Last Guardian,2861,13328,2016-12-07 06:46:00
564,4.9,135,2016-12-04 01:29:00,EDF! EDF! EDF! Earth Defense Force 4.1: The Shadow of New Despair,2114,9659,2016-12-04 06:23:00
565,5.1,135,2016-12-02 23:58:00,Bug Repellent (No DEET) Earth Defense Force 4.1: The Shadow of New Despair,2280,10095,2016-12-03 05:04:00
566,5.2,166,2016-12-02 00:00:00,A New Era of Film Masterpiece The Movies,2584,12405,2016-12-02 05:12:00
567,4.8,127,2016-12-01 00:03:00,Makin Movie Magic The Movies,2579,8049,2016-12-01 04:51:00
568,2.7,374,2016-11-29 20:03:00,Skate Skate Skate Skate 3,2156,13964,2016-11-29 22:45:00
569,3.8,241,2016-11-27 16:39:00,Very Rusty [Viewer Games] Overwatch,2428,12879,2016-11-27 20:27:00
570,4.9,380,2016-11-26 00:11:00,WonderZone Planet Coaster,2810,13643,2016-11-26 05:05:00
571,3.4,9,2016-11-22 23:22:00,Jermania - Stream Edition WWE 2K17,3834,1100,2016-11-23 02:46:00
572,3.9,160,2016-11-19 00:42:00,Through The Throben Doors Sorcery! 4 - The Crown of KingsUnknown,1747,8377,2016-11-19 04:36:00
